Automated commit at Mon Feb  3 18:36:51 UTC 2025
Automated commit at Tue Feb  4 01:40:39 UTC 2025
Automated commit at Tue Feb  4 18:27:22 UTC 2025
Automated commit at Wed Feb  5 01:41:50 UTC 2025
Automated commit at Thu Feb  6 01:42:02 UTC 2025
Automated commit at Fri Feb  7 01:42:19 UTC 2025
Automated commit at Sat Feb  8 01:38:53 UTC 2025
Automated commit at Sun Feb  9 01:45:49 UTC 2025
Automated commit at Mon Feb 10 01:43:14 UTC 2025
Automated commit at Tue Feb 11 01:41:51 UTC 2025
Automated commit at Wed Feb 12 01:42:04 UTC 2025
Automated commit at Thu Feb 13 01:42:45 UTC 2025
Automated commit at Fri Feb 14 01:41:59 UTC 2025
Automated commit at Sat Feb 15 01:40:54 UTC 2025
Automated commit at Sun Feb 16 01:49:11 UTC 2025
Automated commit at Mon Feb 17 01:45:39 UTC 2025
Automated commit at Tue Feb 18 01:41:58 UTC 2025
Automated commit at Wed Feb 19 01:42:48 UTC 2025
Automated commit at Thu Feb 20 01:43:21 UTC 2025
Automated commit at Fri Feb 21 01:43:35 UTC 2025
Automated commit at Sat Feb 22 01:40:08 UTC 2025
Automated commit at Sun Feb 23 01:48:58 UTC 2025
Automated commit at Mon Feb 24 01:46:12 UTC 2025
Automated commit at Tue Feb 25 01:45:29 UTC 2025
Automated commit at Wed Feb 26 01:44:51 UTC 2025
Automated commit at Thu Feb 27 01:45:31 UTC 2025
Automated commit at Fri Feb 28 01:45:36 UTC 2025
Automated commit at Sat Mar  1 01:51:41 UTC 2025
Automated commit at Sun Mar  2 01:50:29 UTC 2025
Automated commit at Mon Mar  3 01:48:29 UTC 2025
Automated commit at Tue Mar  4 01:47:03 UTC 2025
Automated commit at Wed Mar  5 01:47:07 UTC 2025
Automated commit at Thu Mar  6 01:47:11 UTC 2025
Automated commit at Fri Mar  7 01:47:41 UTC 2025
Automated commit at Sat Mar  8 01:19:53 UTC 2025
Automated commit at Sun Mar  9 01:26:10 UTC 2025
Automated commit at Mon Mar 10 01:23:41 UTC 2025
Automated commit at Tue Mar 11 01:48:03 UTC 2025
Automated commit at Wed Mar 12 01:46:51 UTC 2025
Automated commit at Thu Mar 13 01:48:42 UTC 2025
Automated commit at Fri Mar 14 01:46:33 UTC 2025
Automated commit at Sat Mar 15 01:45:47 UTC 2025
Automated commit at Sun Mar 16 01:54:14 UTC 2025
Automated commit at Mon Mar 17 01:51:15 UTC 2025
Automated commit at Tue Mar 18 01:48:59 UTC 2025
Automated commit at Wed Mar 19 01:49:03 UTC 2025
Automated commit at Thu Mar 20 01:48:12 UTC 2025
Automated commit at Fri Mar 21 01:50:03 UTC 2025
Automated commit at Sat Mar 22 01:47:05 UTC 2025
Automated commit at Sun Mar 23 01:55:22 UTC 2025
Automated commit at Mon Mar 24 01:53:11 UTC 2025
Automated commit at Tue Mar 25 01:50:36 UTC 2025
Automated commit at Wed Mar 26 01:49:42 UTC 2025
Automated commit at Thu Mar 27 01:49:34 UTC 2025
Automated commit at Fri Mar 28 01:50:03 UTC 2025
Automated commit at Sat Mar 29 01:48:48 UTC 2025
Automated commit at Sun Mar 30 01:57:37 UTC 2025
Automated commit at Mon Mar 31 01:55:55 UTC 2025
Automated commit at Tue Apr  1 02:02:33 UTC 2025
Automated commit at Wed Apr  2 01:52:12 UTC 2025
Automated commit at Thu Apr  3 01:50:28 UTC 2025
Automated commit at Fri Apr  4 01:50:24 UTC 2025
Automated commit at Sat Apr  5 01:48:48 UTC 2025
Automated commit at Sun Apr  6 01:56:24 UTC 2025
Automated commit at Mon Apr  7 01:54:07 UTC 2025
Automated commit at Tue Apr  8 01:51:17 UTC 2025
Automated commit at Wed Apr  9 01:51:27 UTC 2025
Automated commit at Thu Apr 10 01:51:23 UTC 2025
Automated commit at Fri Apr 11 01:52:12 UTC 2025
Automated commit at Sat Apr 12 01:48:57 UTC 2025
Automated commit at Sun Apr 13 03:17:59 UTC 2025
Automated commit at Mon Apr 14 01:56:02 UTC 2025
Automated commit at Tue Apr 15 01:54:58 UTC 2025
Automated commit at Wed Apr 16 01:54:32 UTC 2025
Automated commit at Thu Apr 17 01:52:54 UTC 2025
Automated commit at Fri Apr 18 01:50:06 UTC 2025
Automated commit at Sat Apr 19 01:48:13 UTC 2025
Automated commit at Sun Apr 20 01:59:28 UTC 2025
Automated commit at Mon Apr 21 01:58:26 UTC 2025
Automated commit at Tue Apr 22 01:53:42 UTC 2025
Automated commit at Wed Apr 23 01:54:05 UTC 2025
Automated commit at Thu Apr 24 01:54:34 UTC 2025
Automated commit at Fri Apr 25 01:55:16 UTC 2025
Automated commit at Sat Apr 26 01:50:46 UTC 2025
Automated commit at Sun Apr 27 02:00:04 UTC 2025
Automated commit at Mon Apr 28 01:58:12 UTC 2025
Automated commit at Tue Apr 29 01:55:41 UTC 2025
Automated commit at Wed Apr 30 01:55:28 UTC 2025
Automated commit at Thu May  1 02:04:25 UTC 2025
Automated commit at Fri May  2 01:56:06 UTC 2025
Automated commit at Sat May  3 01:53:24 UTC 2025
Automated commit at Sun May  4 02:05:34 UTC 2025
Automated commit at Mon May  5 02:00:37 UTC 2025
Automated commit at Tue May  6 01:56:49 UTC 2025
Automated commit at Wed May  7 01:57:22 UTC 2025
Automated commit at Thu May  8 01:58:20 UTC 2025
Automated commit at Fri May  9 01:57:16 UTC 2025
Automated commit at Sat May 10 01:52:51 UTC 2025
Automated commit at Sun May 11 02:03:30 UTC 2025
Automated commit at Mon May 12 02:01:29 UTC 2025
Automated commit at Tue May 13 01:58:55 UTC 2025
Automated commit at Wed May 14 01:57:26 UTC 2025
Automated commit at Thu May 15 01:56:16 UTC 2025
Automated commit at Fri May 16 01:59:07 UTC 2025
Automated commit at Sat May 17 01:55:19 UTC 2025
Automated commit at Sun May 18 02:04:59 UTC 2025
Automated commit at Mon May 19 02:03:54 UTC 2025
Automated commit at Tue May 20 01:59:48 UTC 2025
Automated commit at Wed May 21 01:59:13 UTC 2025
Automated commit at Thu May 22 01:58:39 UTC 2025
Automated commit at Fri May 23 01:58:29 UTC 2025
Automated commit at Sat May 24 01:54:21 UTC 2025
Automated commit at Sun May 25 02:07:37 UTC 2025
Automated commit at Mon May 26 02:02:27 UTC 2025
Automated commit at Tue May 27 01:57:33 UTC 2025
Automated commit at Wed May 28 01:59:43 UTC 2025
Automated commit at Thu May 29 01:59:26 UTC 2025
Automated commit at Fri May 30 01:57:11 UTC 2025
Automated commit at Sat May 31 01:56:45 UTC 2025
Automated commit at Sun Jun  1 02:23:58 UTC 2025
Automated commit at Mon Jun  2 02:04:58 UTC 2025
Automated commit at Tue Jun  3 02:01:28 UTC 2025
Automated commit at Wed Jun  4 02:01:29 UTC 2025
Automated commit at Thu Jun  5 02:00:24 UTC 2025
Automated commit at Fri Jun  6 01:59:33 UTC 2025
Automated commit at Sat Jun  7 01:58:56 UTC 2025
Automated commit at Sun Jun  8 02:10:12 UTC 2025
Automated commit at Mon Jun  9 02:07:06 UTC 2025
Automated commit at Tue Jun 10 02:03:19 UTC 2025
Automated commit at Wed Jun 11 02:02:09 UTC 2025
Automated commit at Thu Jun 12 02:00:51 UTC 2025
Automated commit at Fri Jun 13 02:02:19 UTC 2025
Automated commit at Sat Jun 14 01:57:42 UTC 2025
Automated commit at Sun Jun 15 02:13:39 UTC 2025
Automated commit at Mon Jun 16 02:06:01 UTC 2025
Automated commit at Tue Jun 17 02:02:45 UTC 2025
Automated commit at Wed Jun 18 02:01:51 UTC 2025
Automated commit at Thu Jun 19 02:02:36 UTC 2025
Automated commit at Fri Jun 20 02:01:42 UTC 2025
Automated commit at Sat Jun 21 01:59:19 UTC 2025
Automated commit at Sun Jun 22 02:11:21 UTC 2025
Automated commit at Mon Jun 23 02:09:35 UTC 2025
Automated commit at Tue Jun 24 02:03:28 UTC 2025
Automated commit at Wed Jun 25 02:03:36 UTC 2025
Automated commit at Thu Jun 26 02:02:31 UTC 2025
Automated commit at Fri Jun 27 02:03:41 UTC 2025
Automated commit at Sat Jun 28 01:59:01 UTC 2025
Automated commit at Sun Jun 29 02:19:49 UTC 2025
Automated commit at Mon Jun 30 02:08:29 UTC 2025
Automated commit at Tue Jul  1 02:20:42 UTC 2025
Automated commit at Wed Jul  2 02:03:11 UTC 2025
Automated commit at Thu Jul  3 02:03:24 UTC 2025
Automated commit at Fri Jul  4 02:02:52 UTC 2025
Automated commit at Sat Jul  5 01:58:49 UTC 2025
Automated commit at Sun Jul  6 02:18:18 UTC 2025
Automated commit at Mon Jul  7 02:08:59 UTC 2025
Automated commit at Tue Jul  8 02:04:05 UTC 2025
Automated commit at Wed Jul  9 02:05:32 UTC 2025
Automated commit at Thu Jul 10 02:05:43 UTC 2025
Automated commit at Fri Jul 11 02:08:19 UTC 2025
Automated commit at Sat Jul 12 02:08:53 UTC 2025
Automated commit at Sun Jul 13 02:23:10 UTC 2025
Automated commit at Mon Jul 14 02:18:42 UTC 2025
Automated commit at Tue Jul 15 02:18:29 UTC 2025
Automated commit at Wed Jul 16 02:09:04 UTC 2025
Automated commit at Thu Jul 17 02:09:31 UTC 2025
Automated commit at Fri Jul 18 02:11:08 UTC 2025
Automated commit at Sat Jul 19 02:05:13 UTC 2025
Automated commit at Sun Jul 20 02:25:13 UTC 2025
Automated commit at Mon Jul 21 02:22:17 UTC 2025
Automated commit at Tue Jul 22 02:10:32 UTC 2025
Automated commit at Wed Jul 23 02:11:34 UTC 2025
Automated commit at Thu Jul 24 02:10:22 UTC 2025
Automated commit at Fri Jul 25 02:10:17 UTC 2025
Automated commit at Sat Jul 26 02:06:46 UTC 2025
Automated commit at Sun Jul 27 02:26:16 UTC 2025
Automated commit at Mon Jul 28 02:23:06 UTC 2025
Automated commit at Tue Jul 29 02:28:17 UTC 2025
Automated commit at Wed Jul 30 02:19:44 UTC 2025
Automated commit at Thu Jul 31 02:18:52 UTC 2025
Automated commit at Fri Aug  1 02:30:19 UTC 2025
Automated commit at Sat Aug  2 02:07:23 UTC 2025
Automated commit at Sun Aug  3 02:28:33 UTC 2025
Automated commit at Mon Aug  4 02:27:59 UTC 2025
Automated commit at Tue Aug  5 02:22:08 UTC 2025
Automated commit at Wed Aug  6 02:20:17 UTC 2025
Automated commit at Thu Aug  7 02:20:41 UTC 2025
Automated commit at Fri Aug  8 02:20:32 UTC 2025
Automated commit at Sat Aug  9 02:02:52 UTC 2025
Automated commit at Sun Aug 10 02:24:06 UTC 2025
Automated commit at Mon Aug 11 02:20:12 UTC 2025
Automated commit at Tue Aug 12 02:02:10 UTC 2025
Automated commit at Wed Aug 13 02:03:57 UTC 2025
Automated commit at Thu Aug 14 02:04:21 UTC 2025
Automated commit at Fri Aug 15 02:05:05 UTC 2025
Automated commit at Sat Aug 16 01:59:08 UTC 2025
Automated commit at Sun Aug 17 02:11:04 UTC 2025
Automated commit at Mon Aug 18 02:11:21 UTC 2025
Automated commit at Tue Aug 19 01:58:07 UTC 2025
Automated commit at Wed Aug 20 01:56:23 UTC 2025
Automated commit at Thu Aug 21 01:55:07 UTC 2025
Automated commit at Fri Aug 22 01:55:41 UTC 2025
Automated commit at Sat Aug 23 01:51:36 UTC 2025
Automated commit at Sun Aug 24 02:06:36 UTC 2025
Automated commit at Mon Aug 25 02:00:37 UTC 2025
Automated commit at Tue Aug 26 01:56:43 UTC 2025
Automated commit at Wed Aug 27 01:53:11 UTC 2025
Automated commit at Thu Aug 28 01:52:14 UTC 2025
Automated commit at Fri Aug 29 01:52:13 UTC 2025
Automated commit at Sat Aug 30 01:46:38 UTC 2025
Automated commit at Sun Aug 31 01:57:31 UTC 2025
Automated commit at Mon Sep  1 02:07:57 UTC 2025
Automated commit at Tue Sep  2 01:54:04 UTC 2025
Automated commit at Wed Sep  3 01:46:21 UTC 2025
Automated commit at Thu Sep  4 01:46:52 UTC 2025
Automated commit at Fri Sep  5 01:49:18 UTC 2025
Automated commit at Sat Sep  6 01:46:20 UTC 2025
Automated commit at Sun Sep  7 01:55:05 UTC 2025
Automated commit at Mon Sep  8 01:55:10 UTC 2025
Automated commit at Tue Sep  9 01:51:05 UTC 2025
Automated commit at Wed Sep 10 01:47:28 UTC 2025
Automated commit at Thu Sep 11 01:50:10 UTC 2025
Automated commit at Fri Sep 12 01:45:53 UTC 2025
Automated commit at Sat Sep 13 01:41:23 UTC 2025
Automated commit at Sun Sep 14 01:54:31 UTC 2025
Automated commit at Mon Sep 15 01:56:15 UTC 2025
Automated commit at Tue Sep 16 01:47:18 UTC 2025
Automated commit at Wed Sep 17 01:47:03 UTC 2025
Automated commit at Thu Sep 18 01:47:08 UTC 2025
Automated commit at Fri Sep 19 01:50:38 UTC 2025
Automated commit at Sat Sep 20 01:45:22 UTC 2025
Automated commit at Sun Sep 21 01:58:00 UTC 2025
Automated commit at Mon Sep 22 01:57:43 UTC 2025
Automated commit at Tue Sep 23 01:48:07 UTC 2025
Automated commit at Wed Sep 24 01:49:18 UTC 2025
Automated commit at Thu Sep 25 01:50:14 UTC 2025
Automated commit at Fri Sep 26 01:49:23 UTC 2025
Automated commit at Sat Sep 27 01:45:04 UTC 2025
Automated commit at Sun Sep 28 01:58:37 UTC 2025
Automated commit at Mon Sep 29 01:52:44 UTC 2025
Automated commit at Tue Sep 30 01:47:36 UTC 2025
Automated commit at Wed Oct  1 01:59:59 UTC 2025
Automated commit at Thu Oct  2 01:47:47 UTC 2025
Automated commit at Fri Oct  3 01:47:25 UTC 2025
Automated commit at Sat Oct  4 01:43:42 UTC 2025
Automated commit at Sun Oct  5 01:57:50 UTC 2025
Automated commit at Mon Oct  6 01:50:51 UTC 2025
Automated commit at Tue Oct  7 01:48:15 UTC 2025
Automated commit at Wed Oct  8 01:48:27 UTC 2025
Automated commit at Thu Oct  9 01:49:21 UTC 2025
Automated commit at Fri Oct 10 01:49:54 UTC 2025
Automated commit at Sat Oct 11 01:45:17 UTC 2025
Automated commit at Sun Oct 12 01:53:51 UTC 2025
Automated commit at Mon Oct 13 01:57:10 UTC 2025
Automated commit at Tue Oct 14 01:50:17 UTC 2025
Automated commit at Wed Oct 15 01:53:20 UTC 2025
Automated commit at Thu Oct 16 01:52:07 UTC 2025
Automated commit at Fri Oct 17 01:50:40 UTC 2025
Automated commit at Sat Oct 18 01:45:52 UTC 2025
Automated commit at Sun Oct 19 02:03:22 UTC 2025
Automated commit at Mon Oct 20 02:00:15 UTC 2025
Automated commit at Tue Oct 21 01:54:13 UTC 2025
Automated commit at Wed Oct 22 01:57:16 UTC 2025
Automated commit at Thu Oct 23 01:52:58 UTC 2025
Automated commit at Fri Oct 24 01:48:47 UTC 2025
Automated commit at Sat Oct 25 01:50:27 UTC 2025
Automated commit at Sun Oct 26 01:59:26 UTC 2025
Automated commit at Mon Oct 27 02:03:41 UTC 2025
Automated commit at Tue Oct 28 01:53:18 UTC 2025
Automated commit at Wed Oct 29 02:00:09 UTC 2025
Automated commit at Thu Oct 30 01:59:28 UTC 2025
Automated commit at Fri Oct 31 01:56:15 UTC 2025
Automated commit at Sat Nov  1 01:59:39 UTC 2025
Automated commit at Sun Nov  2 02:02:34 UTC 2025
Automated commit at Mon Nov  3 02:01:36 UTC 2025
Automated commit at Tue Nov  4 01:56:47 UTC 2025
Automated commit at Wed Nov  5 01:58:09 UTC 2025
